curve_type,pc1_explained_variance_ratio
dense,0.3325174920328248
flat,0.32920052713647546
delta,0.34407061060088306
