curve_type,pc1_explained_variance_ratio
dense,0.3359836782302243
flat,0.3319220068278209
delta,0.3097923827971234
